,the scores,sucess rate,one digit scores,two digits scores,three digits scores,four and more digits scores
0,0,0.0,100.0,0.0,0.0,0.0
1,0,0.0,100.0,0.0,0.0,0.0
2,0,0.0,100.0,0.0,0.0,0.0
3,0,0.0,100.0,0.0,0.0,0.0
4,0,0.0,100.0,0.0,0.0,0.0
5,0,0.0,100.0,0.0,0.0,0.0
6,0,0.0,100.0,0.0,0.0,0.0
7,0,0.0,100.0,0.0,0.0,0.0
8,0,0.0,100.0,0.0,0.0,0.0
9,0,0.0,100.0,0.0,0.0,0.0
10,0,0.0,100.0,0.0,0.0,0.0
11,0,0.0,100.0,0.0,0.0,0.0
12,0,0.0,100.0,0.0,0.0,0.0
13,0,0.0,100.0,0.0,0.0,0.0
14,0,0.0,100.0,0.0,0.0,0.0
15,0,0.0,100.0,0.0,0.0,0.0
16,0,0.0,100.0,0.0,0.0,0.0
17,0,0.0,100.0,0.0,0.0,0.0
18,0,0.0,100.0,0.0,0.0,0.0
19,0,0.0,100.0,0.0,0.0,0.0
20,0,0.0,100.0,0.0,0.0,0.0
21,0,0.0,100.0,0.0,0.0,0.0
22,0,0.0,100.0,0.0,0.0,0.0
23,0,0.0,100.0,0.0,0.0,0.0
24,0,0.0,100.0,0.0,0.0,0.0
25,0,0.0,100.0,0.0,0.0,0.0
26,0,0.0,100.0,0.0,0.0,0.0
27,0,0.0,100.0,0.0,0.0,0.0
28,0,0.0,100.0,0.0,0.0,0.0
29,0,0.0,100.0,0.0,0.0,0.0
30,0,0.0,100.0,0.0,0.0,0.0
31,0,0.0,100.0,0.0,0.0,0.0
32,0,0.0,100.0,0.0,0.0,0.0
33,0,0.0,100.0,0.0,0.0,0.0
34,0,0.0,100.0,0.0,0.0,0.0
35,0,0.0,100.0,0.0,0.0,0.0
36,0,0.0,100.0,0.0,0.0,0.0
37,0,0.0,100.0,0.0,0.0,0.0
38,0,0.0,100.0,0.0,0.0,0.0
39,0,0.0,100.0,0.0,0.0,0.0
40,0,0.0,100.0,0.0,0.0,0.0
41,0,0.0,100.0,0.0,0.0,0.0
42,0,0.0,100.0,0.0,0.0,0.0
43,0,0.0,100.0,0.0,0.0,0.0
44,0,0.0,100.0,0.0,0.0,0.0
45,0,0.0,100.0,0.0,0.0,0.0
46,0,0.0,100.0,0.0,0.0,0.0
47,0,0.0,100.0,0.0,0.0,0.0
48,0,0.0,100.0,0.0,0.0,0.0
49,0,0.0,100.0,0.0,0.0,0.0
50,0,0.0,100.0,0.0,0.0,0.0
51,0,0.0,100.0,0.0,0.0,0.0
52,0,0.0,100.0,0.0,0.0,0.0
53,0,0.0,100.0,0.0,0.0,0.0
54,0,0.0,100.0,0.0,0.0,0.0
55,0,0.0,100.0,0.0,0.0,0.0
56,0,0.0,100.0,0.0,0.0,0.0
57,0,0.0,100.0,0.0,0.0,0.0
58,0,0.0,100.0,0.0,0.0,0.0
59,0,0.0,100.0,0.0,0.0,0.0
60,0,0.0,100.0,0.0,0.0,0.0
61,0,0.0,100.0,0.0,0.0,0.0
62,0,0.0,100.0,0.0,0.0,0.0
63,0,0.0,100.0,0.0,0.0,0.0
64,0,0.0,100.0,0.0,0.0,0.0
65,0,0.0,100.0,0.0,0.0,0.0
66,0,0.0,100.0,0.0,0.0,0.0
67,0,0.0,100.0,0.0,0.0,0.0
68,0,0.0,100.0,0.0,0.0,0.0
69,0,0.0,100.0,0.0,0.0,0.0
70,0,0.0,100.0,0.0,0.0,0.0
71,0,0.0,100.0,0.0,0.0,0.0
72,0,0.0,100.0,0.0,0.0,0.0
73,0,0.0,100.0,0.0,0.0,0.0
74,0,0.0,100.0,0.0,0.0,0.0
75,0,0.0,100.0,0.0,0.0,0.0
76,0,0.0,100.0,0.0,0.0,0.0
77,0,0.0,100.0,0.0,0.0,0.0
78,0,0.0,100.0,0.0,0.0,0.0
79,0,0.0,100.0,0.0,0.0,0.0
80,0,0.0,100.0,0.0,0.0,0.0
81,0,0.0,100.0,0.0,0.0,0.0
82,0,0.0,100.0,0.0,0.0,0.0
83,0,0.0,100.0,0.0,0.0,0.0
84,0,0.0,100.0,0.0,0.0,0.0
85,0,0.0,100.0,0.0,0.0,0.0
86,0,0.0,100.0,0.0,0.0,0.0
87,0,0.0,100.0,0.0,0.0,0.0
88,0,0.0,100.0,0.0,0.0,0.0
89,1,0.01098901098901099,100.0,0.0,0.0,0.0
90,0,0.010869565217391304,100.0,0.0,0.0,0.0
91,0,0.010752688172043012,100.0,0.0,0.0,0.0
92,0,0.010638297872340425,100.0,0.0,0.0,0.0
93,1,0.020833333333333332,100.0,0.0,0.0,0.0
94,0,0.020618556701030927,100.0,0.0,0.0,0.0
95,0,0.02040816326530612,100.0,0.0,0.0,0.0
96,0,0.020202020202020204,100.0,0.0,0.0,0.0
97,0,0.02,100.0,0.0,0.0,0.0
98,1,0.029411764705882353,100.0,0.0,0.0,0.0
99,0,0.02912621359223301,100.0,0.0,0.0,0.0
100,0,0.028846153846153848,100.0,0.0,0.0,0.0
101,0,0.02857142857142857,100.0,0.0,0.0,0.0
102,0,0.02830188679245283,100.0,0.0,0.0,0.0
103,0,0.028037383177570093,100.0,0.0,0.0,0.0
104,0,0.027777777777777776,100.0,0.0,0.0,0.0
105,0,0.027522935779816515,100.0,0.0,0.0,0.0
106,0,0.02727272727272727,100.0,0.0,0.0,0.0
107,0,0.02702702702702703,100.0,0.0,0.0,0.0
108,0,0.026785714285714284,100.0,0.0,0.0,0.0
109,0,0.02654867256637168,100.0,0.0,0.0,0.0
110,0,0.02631578947368421,100.0,0.0,0.0,0.0
111,0,0.02608695652173913,100.0,0.0,0.0,0.0
112,0,0.02586206896551724,100.0,0.0,0.0,0.0
113,0,0.02564102564102564,100.0,0.0,0.0,0.0
114,0,0.025423728813559324,100.0,0.0,0.0,0.0
115,0,0.025210084033613446,100.0,0.0,0.0,0.0
116,0,0.025,100.0,0.0,0.0,0.0
117,0,0.024793388429752067,100.0,0.0,0.0,0.0
118,0,0.02459016393442623,100.0,0.0,0.0,0.0
119,0,0.024390243902439025,100.0,0.0,0.0,0.0
120,0,0.024193548387096774,100.0,0.0,0.0,0.0
121,0,0.024,100.0,0.0,0.0,0.0
122,0,0.023809523809523808,100.0,0.0,0.0,0.0
123,0,0.023622047244094488,100.0,0.0,0.0,0.0
124,0,0.0234375,100.0,0.0,0.0,0.0
125,0,0.023255813953488372,100.0,0.0,0.0,0.0
126,1,0.030534351145038167,100.0,0.0,0.0,0.0
127,0,0.030303030303030304,100.0,0.0,0.0,0.0
128,0,0.03007518796992481,100.0,0.0,0.0,0.0
129,0,0.029850746268656716,100.0,0.0,0.0,0.0
130,0,0.02962962962962963,100.0,0.0,0.0,0.0
131,0,0.029411764705882353,100.0,0.0,0.0,0.0
132,0,0.029197080291970802,100.0,0.0,0.0,0.0
133,1,0.03597122302158273,100.0,0.0,0.0,0.0
134,0,0.03571428571428571,100.0,0.0,0.0,0.0
135,0,0.03546099290780142,100.0,0.0,0.0,0.0
136,0,0.035211267605633804,100.0,0.0,0.0,0.0
137,0,0.03496503496503497,100.0,0.0,0.0,0.0
138,1,0.041379310344827586,100.0,0.0,0.0,0.0
139,0,0.0410958904109589,100.0,0.0,0.0,0.0
140,1,0.0472972972972973,100.0,0.0,0.0,0.0
141,0,0.04697986577181208,100.0,0.0,0.0,0.0
142,1,0.052980132450331126,100.0,0.0,0.0,0.0
143,0,0.05263157894736842,100.0,0.0,0.0,0.0
144,0,0.05228758169934641,100.0,0.0,0.0,0.0
145,1,0.05806451612903226,100.0,0.0,0.0,0.0
146,0,0.057692307692307696,100.0,0.0,0.0,0.0
147,1,0.06329113924050633,100.0,0.0,0.0,0.0
148,0,0.06289308176100629,100.0,0.0,0.0,0.0
149,1,0.06832298136645963,100.0,0.0,0.0,0.0
150,0,0.06790123456790123,100.0,0.0,0.0,0.0
151,1,0.07317073170731707,100.0,0.0,0.0,0.0
152,0,0.07272727272727272,100.0,0.0,0.0,0.0
153,0,0.07228915662650602,100.0,0.0,0.0,0.0
154,0,0.0718562874251497,100.0,0.0,0.0,0.0
155,0,0.07142857142857142,100.0,0.0,0.0,0.0
156,0,0.07100591715976332,100.0,0.0,0.0,0.0
157,0,0.07058823529411765,100.0,0.0,0.0,0.0
158,0,0.07017543859649122,100.0,0.0,0.0,0.0
159,0,0.06976744186046512,100.0,0.0,0.0,0.0
160,0,0.06936416184971098,100.0,0.0,0.0,0.0
161,0,0.06896551724137931,100.0,0.0,0.0,0.0
162,0,0.06857142857142857,100.0,0.0,0.0,0.0
163,1,0.07344632768361582,100.0,0.0,0.0,0.0
164,0,0.07303370786516854,100.0,0.0,0.0,0.0
165,0,0.07262569832402235,100.0,0.0,0.0,0.0
166,0,0.07222222222222222,100.0,0.0,0.0,0.0
167,0,0.0718232044198895,100.0,0.0,0.0,0.0
168,0,0.07142857142857142,100.0,0.0,0.0,0.0
169,1,0.07608695652173914,100.0,0.0,0.0,0.0
170,0,0.07567567567567568,100.0,0.0,0.0,0.0
171,0,0.07526881720430108,100.0,0.0,0.0,0.0
172,1,0.0797872340425532,100.0,0.0,0.0,0.0
173,1,0.08421052631578947,100.0,0.0,0.0,0.0
174,1,0.08854166666666667,100.0,0.0,0.0,0.0
175,0,0.08808290155440414,100.0,0.0,0.0,0.0
176,1,0.09230769230769231,100.0,0.0,0.0,0.0
177,1,0.09644670050761421,100.0,0.0,0.0,0.0
178,0,0.09595959595959595,100.0,0.0,0.0,0.0
179,0,0.09547738693467336,100.0,0.0,0.0,0.0
180,1,0.09950248756218906,100.0,0.0,0.0,0.0
181,2,0.10784313725490197,100.0,0.0,0.0,0.0
182,1,0.11165048543689321,100.0,0.0,0.0,0.0
183,1,0.11538461538461539,100.0,0.0,0.0,0.0
184,1,0.11904761904761904,100.0,0.0,0.0,0.0
185,1,0.12264150943396226,100.0,0.0,0.0,0.0
186,2,0.13023255813953488,100.0,0.0,0.0,0.0
187,0,0.12962962962962962,100.0,0.0,0.0,0.0
188,1,0.13302752293577982,100.0,0.0,0.0,0.0
189,0,0.1324200913242009,100.0,0.0,0.0,0.0
190,0,0.1318181818181818,100.0,0.0,0.0,0.0
191,1,0.13513513513513514,100.0,0.0,0.0,0.0
192,1,0.13839285714285715,100.0,0.0,0.0,0.0
193,1,0.1415929203539823,100.0,0.0,0.0,0.0
194,1,0.14473684210526316,100.0,0.0,0.0,0.0
195,1,0.14782608695652175,100.0,0.0,0.0,0.0
196,0,0.1471861471861472,100.0,0.0,0.0,0.0
197,1,0.15021459227467812,100.0,0.0,0.0,0.0
198,2,0.15677966101694915,100.0,0.0,0.0,0.0
199,1,0.15966386554621848,100.0,0.0,0.0,0.0
200,1,0.1625,100.0,0.0,0.0,0.0
201,0,0.16182572614107885,100.0,0.0,0.0,0.0
202,3,0.17142857142857143,100.0,0.0,0.0,0.0
203,0,0.17073170731707318,100.0,0.0,0.0,0.0
204,1,0.17338709677419356,100.0,0.0,0.0,0.0
205,0,0.17269076305220885,100.0,0.0,0.0,0.0
206,1,0.1752988047808765,100.0,0.0,0.0,0.0
207,0,0.1746031746031746,100.0,0.0,0.0,0.0
208,1,0.17716535433070865,100.0,0.0,0.0,0.0
209,0,0.17647058823529413,100.0,0.0,0.0,0.0
210,8,0.20075757575757575,100.0,0.0,0.0,0.0
211,4,0.21189591078066913,100.0,0.0,0.0,0.0
212,2,0.21691176470588236,100.0,0.0,0.0,0.0
213,1,0.21897810218978103,100.0,0.0,0.0,0.0
214,0,0.21818181818181817,100.0,0.0,0.0,0.0
215,4,0.22857142857142856,100.0,0.0,0.0,0.0
216,0,0.2277580071174377,100.0,0.0,0.0,0.0
217,0,0.22695035460992907,100.0,0.0,0.0,0.0
218,4,0.23693379790940766,100.0,0.0,0.0,0.0
219,1,0.23875432525951557,100.0,0.0,0.0,0.0
220,0,0.23793103448275862,100.0,0.0,0.0,0.0
221,2,0.24232081911262798,100.0,0.0,0.0,0.0
222,1,0.2440677966101695,100.0,0.0,0.0,0.0
223,0,0.24324324324324326,100.0,0.0,0.0,0.0
224,1,0.24496644295302014,100.0,0.0,0.0,0.0
225,0,0.24414715719063546,100.0,0.0,0.0,0.0
226,0,0.24333333333333335,100.0,0.0,0.0,0.0
227,1,0.24503311258278146,100.0,0.0,0.0,0.0
228,0,0.24422442244224424,100.0,0.0,0.0,0.0
229,0,0.24342105263157895,100.0,0.0,0.0,0.0
230,2,0.247557003257329,100.0,0.0,0.0,0.0
231,0,0.24675324675324675,100.0,0.0,0.0,0.0
232,0,0.2459546925566343,100.0,0.0,0.0,0.0
233,1,0.24758842443729903,100.0,0.0,0.0,0.0
234,0,0.2467948717948718,100.0,0.0,0.0,0.0
235,4,0.2555205047318612,100.0,0.0,0.0,0.0
236,0,0.25471698113207547,100.0,0.0,0.0,0.0
237,1,0.25625,100.0,0.0,0.0,0.0
238,0,0.2554517133956386,100.0,0.0,0.0,0.0
239,0,0.2546583850931677,100.0,0.0,0.0,0.0
240,0,0.25386996904024767,100.0,0.0,0.0,0.0
241,1,0.2553846153846154,100.0,0.0,0.0,0.0
242,1,0.25688073394495414,100.0,0.0,0.0,0.0
243,0,0.25609756097560976,100.0,0.0,0.0,0.0
244,0,0.2553191489361702,100.0,0.0,0.0,0.0
245,0,0.2545454545454545,100.0,0.0,0.0,0.0
246,3,0.26047904191616766,100.0,0.0,0.0,0.0
247,1,0.2619047619047619,100.0,0.0,0.0,0.0
248,3,0.2676470588235294,100.0,0.0,0.0,0.0
249,1,0.26900584795321636,100.0,0.0,0.0,0.0
250,0,0.26822157434402333,100.0,0.0,0.0,0.0
251,3,0.2737752161383285,100.0,0.0,0.0,0.0
252,2,0.27714285714285714,100.0,0.0,0.0,0.0
253,1,0.2784090909090909,100.0,0.0,0.0,0.0
254,10,0.2975206611570248,99.6078431372549,0.39215686274509803,0.0,0.0
255,6,0.3081081081081081,99.609375,0.390625,0.0,0.0
256,0,0.30727762803234504,99.61089494163424,0.38910505836575876,0.0,0.0
257,2,0.31016042780748665,99.6124031007752,0.3875968992248062,0.0,0.0
258,2,0.3129973474801061,99.61389961389962,0.3861003861003861,0.0,0.0
259,8,0.32642487046632124,99.61538461538461,0.38461538461538464,0.0,0.0
260,0,0.32558139534883723,99.61685823754789,0.38314176245210724,0.0,0.0
261,0,0.3247422680412371,99.61832061068702,0.38167938931297707,0.0,0.0
262,2,0.3273657289002558,99.61977186311786,0.38022813688212925,0.0,0.0
263,0,0.32653061224489793,99.62121212121212,0.3787878787878788,0.0,0.0
264,3,0.33080808080808083,99.62264150943396,0.37735849056603776,0.0,0.0
265,0,0.32997481108312343,99.62406015037594,0.37593984962406013,0.0,0.0
266,0,0.32914572864321606,99.625468164794,0.37453183520599254,0.0,0.0
267,1,0.33,99.6268656716418,0.3731343283582089,0.0,0.0
268,0,0.32917705735660846,99.62825278810409,0.37174721189591076,0.0,0.0
269,2,0.3316831683168317,99.62962962962963,0.3703703703703704,0.0,0.0
270,1,0.33251231527093594,99.63099630996311,0.36900369003690037,0.0,0.0
271,0,0.3316953316953317,99.63235294117648,0.3676470588235294,0.0,0.0
272,0,0.33088235294117646,99.63369963369964,0.3663003663003663,0.0,0.0
273,2,0.3333333333333333,99.63503649635037,0.36496350364963503,0.0,0.0
274,0,0.3325242718446602,99.63636363636364,0.36363636363636365,0.0,0.0
275,1,0.3333333333333333,99.63768115942028,0.36231884057971014,0.0,0.0
276,0,0.3325301204819277,99.63898916967509,0.36101083032490977,0.0,0.0
277,2,0.3349282296650718,99.64028776978418,0.3597122302158274,0.0,0.0
278,0,0.3341288782816229,99.6415770609319,0.35842293906810035,0.0,0.0
279,0,0.3333333333333333,99.64285714285714,0.35714285714285715,0.0,0.0
280,0,0.332541567695962,99.644128113879,0.3558718861209964,0.0,0.0
281,0,0.33175355450236965,99.64539007092199,0.3546099290780142,0.0,0.0
282,4,0.3372365339578454,99.64664310954063,0.35335689045936397,0.0,0.0
283,1,0.337995337995338,99.64788732394366,0.35211267605633806,0.0,0.0
284,1,0.33874709976798145,99.64912280701755,0.3508771929824561,0.0,0.0
285,2,0.34101382488479265,99.65034965034964,0.34965034965034963,0.0,0.0
286,11,0.35650224215246634,99.30313588850174,0.6968641114982579,0.0,0.0
287,0,0.35570469798657717,99.30555555555556,0.6944444444444444,0.0,0.0
288,2,0.35777777777777775,99.30795847750865,0.6920415224913495,0.0,0.0
289,3,0.36123348017621143,99.3103448275862,0.6896551724137931,0.0,0.0
290,4,0.3660130718954248,99.3127147766323,0.6872852233676976,0.0,0.0
291,5,0.3720430107526882,99.31506849315068,0.684931506849315,0.0,0.0
292,0,0.37124463519313305,99.31740614334471,0.6825938566552902,0.0,0.0
293,1,0.3717948717948718,99.31972789115646,0.6802721088435374,0.0,0.0
294,2,0.37367303609341823,99.32203389830508,0.6779661016949152,0.0,0.0
295,4,0.37815126050420167,99.32432432432432,0.6756756756756757,0.0,0.0
296,5,0.38381742738589214,99.32659932659934,0.6734006734006733,0.0,0.0
297,6,0.39059304703476483,99.32885906040269,0.6711409395973155,0.0,0.0
298,0,0.38979591836734695,99.33110367892976,0.6688963210702341,0.0,0.0
299,0,0.3890020366598778,99.33333333333333,0.6666666666666667,0.0,0.0
300,1,0.3894523326572008,99.33554817275747,0.6644518272425249,0.0,0.0
301,1,0.3898989898989899,99.33774834437085,0.6622516556291391,0.0,0.0
302,5,0.39520958083832336,99.33993399339934,0.6600660066006601,0.0,0.0
303,4,0.39920948616600793,99.3421052631579,0.6578947368421052,0.0,0.0
304,0,0.398422090729783,99.34426229508196,0.6557377049180327,0.0,0.0
305,6,0.4046692607003891,99.34640522875817,0.6535947712418301,0.0,0.0
306,0,0.40388349514563104,99.3485342019544,0.6514657980456027,0.0,0.0
307,3,0.40655105973025046,99.35064935064936,0.6493506493506493,0.0,0.0
308,1,0.4069097888675624,99.35275080906149,0.6472491909385114,0.0,0.0
309,0,0.4061302681992337,99.35483870967742,0.6451612903225806,0.0,0.0
310,0,0.40535372848948376,99.35691318327974,0.6430868167202572,0.0,0.0
311,1,0.4057142857142857,99.35897435897436,0.641025641025641,0.0,0.0
312,0,0.4049429657794677,99.36102236421725,0.6389776357827476,0.0,0.0
313,0,0.40417457305502846,99.36305732484077,0.6369426751592357,0.0,0.0
314,10,0.4144981412639405,99.04761904761905,0.9523809523809524,0.0,0.0
315,5,0.41911764705882354,99.0506329113924,0.949367088607595,0.0,0.0
316,0,0.41834862385321103,99.05362776025235,0.9463722397476341,0.0,0.0
317,0,0.4175824175824176,99.05660377358491,0.9433962264150944,0.0,0.0
318,0,0.41681901279707495,99.05956112852664,0.9404388714733543,0.0,0.0
319,4,0.42028985507246375,99.0625,0.9375,0.0,0.0
320,3,0.4226618705035971,99.06542056074767,0.9345794392523363,0.0,0.0
321,2,0.42397137745974955,99.06832298136646,0.9316770186335404,0.0,0.0
322,2,0.42526690391459077,99.07120743034056,0.9287925696594427,0.0,0.0
323,11,0.4355400696864111,98.76543209876543,1.2345679012345678,0.0,0.0
324,1,0.4357638888888889,98.76923076923076,1.2307692307692308,0.0,0.0
325,1,0.4359861591695502,98.77300613496932,1.2269938650306749,0.0,0.0
326,2,0.43717728055077454,98.77675840978594,1.2232415902140672,0.0,0.0
327,0,0.436426116838488,98.78048780487805,1.2195121951219512,0.0,0.0
328,0,0.43567753001715265,98.78419452887537,1.21580547112462,0.0,0.0
329,0,0.4349315068493151,98.7878787878788,1.2121212121212122,0.0,0.0
330,0,0.4341880341880342,98.79154078549848,1.2084592145015105,0.0,0.0
331,10,0.4429530201342282,98.49397590361446,1.5060240963855422,0.0,0.0
332,9,0.4504950495049505,98.49849849849849,1.5015015015015014,0.0,0.0
333,2,0.451559934318555,98.50299401197606,1.4970059880239521,0.0,0.0
334,11,0.4605475040257649,98.2089552238806,1.791044776119403,0.0,0.0
335,12,0.47003154574132494,97.91666666666666,2.083333333333333,0.0,0.0
336,0,0.4692913385826772,97.92284866468842,2.0771513353115725,0.0,0.0
337,2,0.4702194357366771,97.92899408284023,2.0710059171597637,0.0,0.0
338,1,0.4703125,97.93510324483776,2.0648967551622417,0.0,0.0
339,2,0.4712286158631415,97.94117647058823,2.0588235294117645,0.0,0.0
340,3,0.47295208655332305,97.94721407624634,2.0527859237536656,0.0,0.0
341,0,0.4722222222222222,97.953216374269,2.046783625730994,0.0,0.0
342,1,0.4723076923076923,97.95918367346938,2.0408163265306123,0.0,0.0
343,0,0.4715821812596006,97.96511627906976,2.0348837209302326,0.0,0.0
344,2,0.4724770642201835,97.97101449275362,2.0289855072463765,0.0,0.0
345,5,0.47575757575757577,97.97687861271676,2.023121387283237,0.0,0.0
346,10,0.4828614008941878,97.69452449567724,2.3054755043227666,0.0,0.0
347,1,0.48291233283803864,97.70114942528735,2.2988505747126435,0.0,0.0
348,5,0.48600883652430044,97.70773638968481,2.292263610315186,0.0,0.0
349,0,0.4852941176470588,97.71428571428571,2.2857142857142856,0.0,0.0
350,12,0.4935064935064935,97.43589743589743,2.564102564102564,0.0,0.0
351,0,0.49279538904899134,97.44318181818183,2.556818181818182,0.0,0.0
352,11,0.5,97.16713881019831,2.8328611898017,0.0,0.0
353,0,0.49929278642149927,97.17514124293785,2.824858757062147,0.0,0.0
354,0,0.4985875706214689,97.1830985915493,2.8169014084507045,0.0,0.0
355,3,0.5,97.19101123595506,2.8089887640449436,0.0,0.0
356,23,0.5149456521739131,96.9187675070028,3.081232492997199,0.0,0.0
357,8,0.5194630872483221,96.92737430167597,3.072625698324022,0.0,0.0
358,11,0.5257595772787318,96.65738161559888,3.3426183844011144,0.0,0.0
359,7,0.5294117647058824,96.66666666666667,3.3333333333333335,0.0,0.0
360,4,0.5311688311688312,96.67590027700831,3.32409972299169,0.0,0.0
361,1,0.5310880829015544,96.68508287292818,3.314917127071823,0.0,0.0
362,5,0.5334190231362468,96.69421487603306,3.3057851239669422,0.0,0.0
363,27,0.5483870967741935,96.42857142857143,3.571428571428571,0.0,0.0
364,3,0.5493827160493827,96.43835616438356,3.5616438356164384,0.0,0.0
365,6,0.5520195838433293,96.44808743169399,3.551912568306011,0.0,0.0
366,0,0.5513447432762836,96.45776566757493,3.5422343324250685,0.0,0.0
367,1,0.551219512195122,96.46739130434783,3.532608695652174,0.0,0.0
368,2,0.551640340218712,96.4769647696477,3.523035230352303,0.0,0.0
369,0,0.5509708737864077,96.48648648648648,3.5135135135135136,0.0,0.0
370,0,0.5503030303030303,96.49595687331536,3.5040431266846364,0.0,0.0
371,0,0.549636803874092,96.50537634408603,3.494623655913978,0.0,0.0
372,8,0.5532934131736527,96.51474530831099,3.485254691689008,0.0,0.0
373,0,0.5526315789473685,96.52406417112299,3.4759358288770055,0.0,0.0
374,11,0.5577830188679245,96.26666666666667,3.733333333333334,0.0,0.0
375,1,0.5576470588235294,96.27659574468085,3.723404255319149,0.0,0.0
376,16,0.5651672433679354,96.02122015915118,3.978779840848806,0.0,0.0
377,6,0.5675057208237986,96.03174603174604,3.968253968253968,0.0,0.0
378,5,0.5693181818181818,96.04221635883906,3.95778364116095,0.0,0.0
379,3,0.5701357466063348,96.05263157894737,3.9473684210526314,0.0,0.0
380,7,0.5728699551569507,96.06299212598425,3.937007874015748,0.0,0.0
381,4,0.5741360089186176,96.07329842931938,3.926701570680628,0.0,0.0
382,3,0.5749167591564928,96.08355091383812,3.91644908616188,0.0,0.0
383,11,0.579408543263965,95.83333333333334,4.166666666666666,0.0,0.0
384,1,0.5792349726775956,95.84415584415584,4.1558441558441555,0.0,0.0
385,0,0.5786026200873362,95.85492227979275,4.145077720207254,0.0,0.0
386,0,0.5779716466739367,95.8656330749354,4.1343669250646,0.0,0.0
387,0,0.5773420479302832,95.87628865979381,4.123711340206185,0.0,0.0
388,0,0.5767138193688792,95.88688946015425,4.113110539845758,0.0,0.0
389,3,0.5774647887323944,95.8974358974359,4.102564102564102,0.0,0.0
390,0,0.5768398268398268,95.9079283887468,4.092071611253197,0.0,0.0
391,9,0.5802997858672377,95.91836734693877,4.081632653061225,0.0,0.0
392,3,0.5810234541577826,95.92875318066157,4.071246819338422,0.0,0.0
393,1,0.5808510638297872,95.93908629441624,4.060913705583756,0.0,0.0
394,3,0.5815677966101694,95.9493670886076,4.050632911392405,0.0,0.0
395,0,0.580952380952381,95.95959595959596,4.040404040404041,0.0,0.0
396,4,0.5821052631578948,95.96977329974811,4.030226700251889,0.0,0.0
397,12,0.5867082035306335,95.7286432160804,4.271356783919598,0.0,0.0
398,0,0.5860995850622407,95.73934837092732,4.260651629072681,0.0,0.0
399,3,0.5867768595041323,95.75,4.25,0.0,0.0
400,1,0.5865979381443299,95.76059850374065,4.239401496259352,0.0,0.0
401,1,0.5864197530864198,95.77114427860697,4.228855721393035,0.0,0.0
402,20,0.594159113796576,95.53349875930522,4.466501240694789,0.0,0.0
403,7,0.5964035964035964,95.54455445544554,4.455445544554455,0.0,0.0
404,5,0.5978152929493545,95.55555555555556,4.444444444444445,0.0,0.0
405,12,0.6019607843137255,95.32019704433498,4.679802955665025,0.0,0.0
406,3,0.6025390625,95.33169533169533,4.668304668304668,0.0,0.0
407,2,0.6027263875365141,95.34313725490196,4.6568627450980395,0.0,0.0
408,1,0.6025267249757046,95.35452322738386,4.645476772616137,0.0,0.0
409,1,0.6023278370514064,95.36585365853658,4.634146341463414,0.0,0.0
410,16,0.607824427480916,95.1338199513382,4.866180048661801,0.0,0.0
411,0,0.6072449952335558,95.14563106796116,4.854368932038835,0.0,0.0
412,0,0.6066666666666667,95.15738498789347,4.842615012106537,0.0,0.0
413,8,0.6090651558073654,95.16908212560386,4.830917874396135,0.0,0.0
414,5,0.6103286384976526,95.18072289156626,4.819277108433735,0.0,0.0
415,0,0.6097560975609756,95.1923076923077,4.807692307692308,0.0,0.0
416,3,0.6102803738317757,95.20383693045564,4.796163069544365,0.0,0.0
417,1,0.6100746268656716,95.21531100478468,4.784688995215311,0.0,0.0
418,5,0.6113172541743971,95.22673031026252,4.77326968973747,0.0,0.0
419,27,0.620253164556962,95.0,5.0,0.0,0.0
420,0,0.6196928635953026,95.01187648456056,4.98812351543943,0.0,0.0
421,18,0.6252220248667851,94.7867298578199,5.213270142180095,0.0,0.0
422,7,0.626984126984127,94.79905437352247,5.200945626477541,0.0,0.0
423,1,0.6267605633802817,94.81132075471697,5.188679245283019,0.0,0.0
424,21,0.6329879101899827,94.58823529411765,5.411764705882352,0.0,0.0
425,0,0.6324417601380501,94.60093896713614,5.39906103286385,0.0,0.0
426,9,0.6347305389221557,94.61358313817331,5.386416861826698,0.0,0.0
427,0,0.6341880341880342,94.62616822429906,5.373831775700935,0.0,0.0
428,3,0.6345826235093697,94.63869463869464,5.361305361305361,0.0,0.0
429,11,0.6374367622259697,94.41860465116278,5.5813953488372094,0.0,0.0
430,16,0.6417290108063175,94.19953596287704,5.800464037122969,0.0,0.0
431,2,0.6417910447761194,94.21296296296296,5.787037037037037,0.0,0.0
432,0,0.6412593206296603,94.22632794457274,5.773672055427252,0.0,0.0
433,18,0.6460032626427407,94.00921658986175,5.990783410138248,0.0,0.0
434,0,0.6454767726161369,94.02298850574712,5.977011494252873,0.0,0.0
435,0,0.6449511400651465,94.03669724770643,5.963302752293578,0.0,0.0
436,17,0.6492776886035313,93.82151029748283,6.178489702517163,0.0,0.0
437,2,0.6493194555644516,93.83561643835617,6.164383561643835,0.0,0.0
438,0,0.6488,93.84965831435079,6.150341685649203,0.0,0.0
439,1,0.6485623003194888,93.86363636363636,6.136363636363637,0.0,0.0
440,25,0.6549295774647887,93.65079365079364,6.349206349206349,0.0,0.0
441,0,0.6544175136825645,93.66515837104072,6.334841628959276,0.0,0.0
442,4,0.6549844236760125,93.67945823927766,6.320541760722348,0.0,0.0
443,4,0.6555469356089992,93.69369369369369,6.306306306306306,0.0,0.0
444,15,0.6590038314176245,93.48314606741573,6.51685393258427,0.0,0.0
445,0,0.6584992343032159,93.49775784753363,6.502242152466367,0.0,0.0
446,20,0.6631499623210249,93.28859060402685,6.7114093959731544,0.0,0.0
447,0,0.6626506024096386,93.30357142857143,6.696428571428571,0.0,0.0
448,17,0.6664190193164933,93.0957683741648,6.904231625835189,0.0,0.0
449,48,0.6774193548387096,92.88888888888889,7.111111111111111,0.0,0.0
450,0,0.6769340974212035,92.90465631929047,7.095343680709535,0.0,0.0
451,0,0.6764495347172512,92.92035398230088,7.079646017699115,0.0,0.0
452,0,0.6759656652360515,92.93598233995584,7.06401766004415,0.0,0.0
453,0,0.6754824874910651,92.95154185022027,7.048458149779736,0.0,0.0
454,0,0.675,92.96703296703296,7.032967032967033,0.0,0.0
455,1,0.6747503566333809,92.98245614035088,7.017543859649122,0.0,0.0
456,8,0.6761162296243799,92.99781181619255,7.00218818380744,0.0,0.0
457,6,0.6770098730606487,93.01310043668121,6.986899563318777,0.0,0.0
458,7,0.6781206171107994,93.02832244008714,6.971677559912854,0.0,0.0
459,8,0.6794425087108014,93.04347826086956,6.956521739130435,0.0,0.0
460,17,0.6827253957329663,92.84164859002169,7.158351409978309,0.0,0.0
461,32,0.6890982503364738,92.64069264069265,7.35930735930736,0.0,0.0
462,8,0.6903010033444816,92.65658747300216,7.343412526997841,0.0,0.0
463,2,0.6902536715620827,92.67241379310344,7.327586206896551,0.0,0.0
464,19,0.6936758893280632,92.47311827956989,7.526881720430108,0.0,0.0
465,0,0.6932192231731402,92.4892703862661,7.510729613733906,0.0,0.0
466,14,0.6955671447196871,92.29122055674517,7.708779443254818,0.0,0.0
467,13,0.6976744186046512,92.09401709401709,7.905982905982905,0.0,0.0
468,3,0.6978092783505154,92.11087420042644,7.889125799573561,0.0,0.0
469,1,0.6975546975546976,92.12765957446808,7.872340425531915,0.0,0.0
470,2,0.697495183044316,92.1443736730361,7.855626326963907,0.0,0.0
471,47,0.7059190031152648,91.94915254237289,8.050847457627118,0.0,0.0
472,10,0.7073019801980198,91.75475687103594,8.24524312896406,0.0,0.0
473,5,0.7077681874229347,91.77215189873418,8.227848101265822,0.0,0.0
474,11,0.7093023255813954,91.57894736842105,8.421052631578947,0.0,0.0
475,21,0.7125603864734299,91.38655462184873,8.61344537815126,0.0,0.0
476,3,0.7126506024096385,91.40461215932913,8.59538784067086,0.0,0.0
477,8,0.713600958657879,91.42259414225941,8.577405857740587,0.0,0.0
478,16,0.7158956109134045,91.23173277661796,8.768267223382047,0.0,0.0
479,0,0.7154712507409603,91.25,8.75,0.0,0.0
480,1,0.7152161042036708,91.26819126819127,8.731808731808732,0.0,0.0
481,19,0.7179637214745466,91.07883817427386,8.921161825726141,0.0,0.0
482,75,0.7294117647058823,90.89026915113871,9.109730848861282,0.0,0.0
483,6,0.7299107142857143,90.9090909090909,9.090909090909092,0.0,0.0
484,22,0.7327823691460055,90.72164948453609,9.278350515463918,0.0,0.0
485,1,0.732526141992295,90.74074074074075,9.25925925925926,0.0,0.0
486,0,0.7321232123212321,90.75975359342917,9.240246406570842,0.0,0.0
487,16,0.7340599455040872,90.57377049180327,9.426229508196721,0.0,0.0
488,10,0.7351029252437703,90.38854805725971,9.611451942740286,0.0,0.0
489,6,0.7355639503507825,90.40816326530611,9.591836734693878,0.0,0.0
490,5,0.7358795051102743,90.4276985743381,9.572301425661914,0.0,0.0
491,23,0.7387148167817312,90.2439024390244,9.75609756097561,0.0,0.0
492,31,0.7425587467362924,90.06085192697769,9.939148073022313,0.0,0.0
493,1,0.7423056859676578,90.08097165991903,9.919028340080972,0.0,0.0
494,5,0.7425897035881436,90.1010101010101,9.8989898989899,0.0,0.0
495,0,0.7422037422037422,90.12096774193549,9.879032258064516,0.0,0.0
496,27,0.7453893442622951,89.93963782696177,10.06036217303823,0.0,0.0
497,19,0.7474645030425964,89.7590361445783,10.240963855421686,0.0,0.0
498,26,0.7503751875937968,89.57915831663327,10.420841683366733,0.0,0.0
499,19,0.7523526498266468,89.4,10.6,0.0,0.0
500,12,0.7534448818897638,89.22155688622755,10.778443113772456,0.0,0.0
501,2,0.7533169533169534,89.2430278884462,10.756972111553784,0.0,0.0
502,21,0.7554691298006806,89.06560636182903,10.934393638170974,0.0,0.0
503,9,0.7561683599419449,89.0873015873016,10.912698412698413,0.0,0.0
504,38,0.7602089268755935,88.91089108910892,11.08910891089109,0.0,0.0
505,11,0.76109537299339,88.73517786561264,11.264822134387352,0.0,0.0
506,9,0.7617481203007519,88.75739644970415,11.242603550295858,0.0,0.0
507,25,0.7641597028783659,88.58267716535433,11.41732283464567,0.0,0.0
508,1,0.7639146567717996,88.60510805500982,11.394891944990176,0.0,0.0
509,24,0.7661623108665749,88.4313725490196,11.568627450980392,0.0,0.0
510,1,0.7659184608337151,88.45401174168298,11.545988258317024,0.0,0.0
511,14,0.7670609645131938,88.28125,11.71875,0.0,0.0
512,0,0.7667121418826739,88.30409356725146,11.695906432748536,0.0,0.0
513,7,0.7671046669687358,88.32684824902724,11.673151750972762,0.0,0.0
514,24,0.7692652329749103,88.15533980582524,11.844660194174757,0.0,0.0
515,16,0.7705646954201868,87.98449612403101,12.015503875968992,0.0,0.0
516,7,0.770934869295525,88.00773694390716,11.992263056092844,0.0,0.0
517,0,0.770593445527015,88.03088803088804,11.96911196911197,0.0,0.0
518,5,0.7707597173144877,88.0539499036609,11.946050096339114,0.0,0.0
519,13,0.771729587357331,87.88461538461539,12.115384615384615,0.0,0.0
520,0,0.7713909609477841,87.90786948176583,12.092130518234164,0.0,0.0
521,9,0.7719528178243774,87.93103448275862,12.068965517241379,0.0,0.0
522,43,0.775825117873982,87.76290630975143,12.237093690248566,0.0,0.0
523,36,0.7789029535864979,87.59541984732824,12.404580152671755,0.0,0.0
524,14,0.779874213836478,87.42857142857143,12.571428571428573,0.0,0.0
525,6,0.7801003344481605,87.45247148288973,12.547528517110266,0.0,0.0
526,7,0.7804166666666666,87.4762808349146,12.523719165085389,0.0,0.0
527,13,0.7812758906379453,87.31060606060606,12.68939393939394,0.0,0.0
528,5,0.781404958677686,87.33459357277883,12.665406427221171,0.0,0.0
529,0,0.7810821974390748,87.35849056603774,12.641509433962264,0.0,0.0
530,5,0.7812113720642769,87.38229755178908,12.617702448210924,0.0,0.0
531,82,0.7880478087649403,87.21804511278195,12.781954887218044,0.0,0.0
532,14,0.788910891089109,87.05440900562851,12.94559099437148,0.0,0.0
533,3,0.7888493475682088,87.07865168539325,12.921348314606742,0.0,0.0
534,8,0.789204097714736,87.10280373831776,12.897196261682243,0.0,0.0
535,18,0.7903793508017207,86.94029850746269,13.059701492537313,0.0,0.0
536,1,0.7901524032825322,86.96461824953445,13.03538175046555,0.0,0.0
537,11,0.7907429015947103,86.80297397769516,13.197026022304833,0.0,0.0
538,13,0.7914893617021277,86.64192949907236,13.358070500927644,0.0,0.0
539,10,0.7919876733436055,86.48148148148148,13.518518518518519,0.0,0.0
540,1,0.7917628945342571,86.50646950092421,13.493530499075785,0.0,0.0
541,0,0.7914582531742979,86.53136531365314,13.468634686346864,0.0,0.0
542,6,0.7916346891788181,86.55616942909761,13.443830570902392,0.0,0.0
543,0,0.791331031837361,86.58088235294117,13.419117647058822,0.0,0.0
544,11,0.7919053073692249,86.42201834862385,13.577981651376147,0.0,0.0
545,39,0.7946596464836405,86.26373626373626,13.736263736263737,0.0,0.0
546,25,0.7962756052141527,86.10603290676416,13.893967093235831,0.0,0.0
547,11,0.7968112717834631,85.94890510948905,14.051094890510948,0.0,0.0
548,57,0.8007259528130671,85.79234972677595,14.207650273224044,0.0,0.0
549,8,0.8010130246020261,85.81818181818181,14.181818181818182,0.0,0.0
550,22,0.8022963760315752,85.66243194192378,14.337568058076226,0.0,0.0
551,0,0.8020086083213773,85.68840579710145,14.31159420289855,0.0,0.0
552,0,0.8017210469702403,85.71428571428571,14.285714285714285,0.0,0.0
553,13,0.8023546200499465,85.5595667870036,14.440433212996389,0.0,0.0
554,61,0.806282722513089,85.4054054054054,14.594594594594595,0.0,0.0
555,13,0.8068773879819382,85.25179856115108,14.748201438848922,0.0,0.0
556,11,0.8073331027326185,85.09874326750449,14.90125673249551,0.0,0.0
557,2,0.8071872840359364,85.12544802867383,14.874551971326163,0.0,0.0
558,2,0.8070417673455299,85.1520572450805,14.847942754919499,0.0,0.0
559,3,0.806963116166839,85.17857142857143,14.821428571428571,0.0,0.0
560,21,0.8080738966814917,85.02673796791443,14.973262032085561,0.0,0.0
561,12,0.80858310626703,84.87544483985765,15.12455516014235,0.0,0.0
562,8,0.8088285229202037,84.90230905861456,15.097690941385435,0.0,0.0
563,12,0.8093306288032455,84.75177304964538,15.24822695035461,0.0,0.0
564,0,0.8090571138898276,84.77876106194691,15.221238938053098,0.0,0.0
565,49,0.811897640412097,84.62897526501767,15.371024734982333,0.0,0.0
566,15,0.8125619834710743,84.47971781305115,15.520282186948853,0.0,0.0
567,17,0.8133420966151824,84.33098591549296,15.669014084507044,0.0,0.0
568,4,0.8133202099737533,84.3585237258348,15.641476274165203,0.0,0.0
569,47,0.8158914728682171,84.21052631578947,15.789473684210526,0.0,0.0
570,7,0.8160438144329897,84.23817863397548,15.761821366024517,0.0,0.0
571,12,0.8164902149502727,84.0909090909091,15.909090909090908,0.0,0.0
572,7,0.81664,84.11867364746945,15.881326352530541,0.0,0.0
573,41,0.8187559204294285,83.97212543554006,16.02787456445993,0.0,0.0
574,9,0.8190116462071136,84.0,16.0,0.0,0.0
575,1,0.8188109468386285,84.02777777777779,15.972222222222221,0.0,0.0
576,7,0.818951992469407,84.05545927209705,15.944540727902945,0.0,0.0
577,15,0.8195441773337496,83.91003460207612,16.089965397923876,0.0,0.0
578,10,0.8198506533914126,83.7651122625216,16.234887737478413,0.0,0.0
579,37,0.8216482164821648,83.62068965517241,16.379310344827587,0.0,0.0
580,17,0.8223241590214068,83.47676419965576,16.523235800344235,0.0,0.0
581,1,0.8221271393643031,83.50515463917526,16.49484536082474,0.0,0.0
582,5,0.8221476510067114,83.53344768439108,16.466552315608922,0.0,0.0
583,14,0.8226541147889462,83.3904109589041,16.60958904109589,0.0,0.0
584,4,0.8226197695573074,83.41880341880342,16.58119658119658,0.0,0.0
585,0,0.8223704152773568,83.44709897610922,16.552901023890783,0.0,0.0
586,21,0.8232460102378801,83.30494037478705,16.695059625212945,0.0,0.0
587,2,0.8231046931407943,83.33333333333334,16.666666666666664,0.0,0.0
588,12,0.8234941564279292,83.1918505942275,16.808149405772497,0.0,0.0
589,12,0.8238805970149253,83.05084745762711,16.94915254237288,0.0,0.0
590,3,0.8237924865831843,83.07952622673434,16.920473773265652,0.0,0.0
591,8,0.823966696402022,83.1081081081081,16.89189189189189,0.0,0.0
592,7,0.8240878077721744,83.13659359190557,16.863406408094438,0.0,0.0
593,10,0.8243642814902424,82.996632996633,17.003367003367003,0.0,0.0
594,24,0.8253595538597006,82.85714285714286,17.142857142857142,0.0,0.0
595,2,0.8252199413489736,82.88590604026845,17.114093959731544,0.0,0.0
596,5,0.8252341920374707,82.91457286432161,17.08542713567839,0.0,0.0
597,5,0.8252483927527762,82.94314381270902,17.05685618729097,0.0,0.0
598,29,0.8264774044032445,82.80467445742904,17.195325542570952,0.0,0.0
599,0,0.8262380538662033,82.83333333333334,17.166666666666668,0.0,0.0
600,4,0.8262001156737999,82.86189683860233,17.13810316139767,0.0,0.0
601,22,0.8270611893134157,82.72425249169434,17.275747508305646,0.0,0.0
602,8,0.8272206303724928,82.75290215588723,17.24709784411277,0.0,0.0
603,4,0.8271816881258941,82.78145695364239,17.218543046357617,0.0,0.0
604,39,0.8288543140028288,82.64462809917356,17.355371900826448,0.0,0.0
605,0,0.8286199095022625,82.67326732673267,17.326732673267326,0.0,0.0
606,13,0.8290140845070423,82.53706754530478,17.462932454695224,0.0,0.0
607,12,0.8293572831883245,82.40131578947368,17.598684210526315,0.0,0.0
608,45,0.8312551953449709,82.26600985221675,17.733990147783253,0.0,0.0
609,4,0.8312119535141118,82.29508196721311,17.704918032786885,0.0,0.0
610,0,0.8309820193637621,82.3240589198036,17.6759410801964,0.0,0.0
611,2,0.8308457711442786,82.35294117647058,17.647058823529413,0.0,0.0
612,0,0.83061619231832,82.38172920065253,17.61827079934747,0.0,0.0
613,71,0.8336494175020319,82.24755700325733,17.75244299674267,0.0,0.0
614,23,0.8344549125168237,82.11382113821138,17.88617886178862,0.0,0.0
615,26,0.8353821485836451,81.98051948051948,18.019480519480517,0.0,0.0
616,15,0.8358169238956892,81.84764991896273,18.152350081037277,0.0,0.0
617,2,0.8356819994682265,81.87702265372168,18.12297734627832,0.0,0.0
618,2,0.8355472901168969,81.90630048465266,18.093699515347332,0.0,0.0
619,20,0.8361955085865258,81.7741935483871,18.225806451612904,0.0,0.0
620,27,0.8371361132966169,81.64251207729468,18.357487922705314,0.0,0.0
621,14,0.8375130616509927,81.51125401929261,18.488745980707396,0.0,0.0
622,0,0.8372943327239488,81.54093097913324,18.45906902086677,0.0,0.0
623,10,0.8375,81.41025641025641,18.58974358974359,0.0,0.0
624,20,0.8381248381248382,81.28,18.72,0.0,0.0
625,3,0.8380336351875809,81.30990415335462,18.69009584664537,0.0,0.0
626,25,0.8388589051657671,81.18022328548645,18.819776714513555,0.0,0.0
627,62,0.8411734951947395,81.05095541401273,18.949044585987263,0.0,0.0
628,44,0.8427106776694173,80.9220985691574,19.07790143084261,0.0,0.0
629,27,0.8435559970201142,80.7936507936508,19.20634920634921,0.0,0.0
630,11,0.8437732111908889,80.66561014263075,19.334389857369256,0.0,0.0
631,24,0.844488188976378,80.5379746835443,19.462025316455698,0.0,0.0
632,22,0.8451186689503303,80.41074249605056,19.589257503949447,0.0,0.0
633,0,0.8449119373776908,80.4416403785489,19.558359621451103,0.0,0.0
634,51,0.8466183574879227,80.31496062992126,19.68503937007874,0.0,0.0
635,1,0.846450989859971,80.34591194968553,19.654088050314467,0.0,0.0
636,28,0.8472788300167825,80.21978021978022,19.78021978021978,0.0,0.0
637,23,0.8479141835518474,80.09404388714734,19.905956112852667,0.0,0.0
638,24,0.8485781990521327,79.96870109546165,20.031298904538342,0.0,0.0
639,5,0.8485565546616185,80.0,20.0,0.0,0.0
640,0,0.848355807901585,80.03120124804992,19.96879875195008,0.0,0.0
641,3,0.8482628220278894,80.06230529595015,19.937694704049843,0.0,0.0
642,14,0.8485633537447009,79.93779160186625,20.06220839813375,0.0,0.0
643,0,0.8483635507417,79.96894409937887,20.031055900621116,0.0,0.0
644,2,0.8482352941176471,80.0,20.0,0.0,0.0
645,18,0.8486765050363083,79.87616099071208,20.123839009287924,0.0,0.0
646,37,0.8497794288367774,79.75270479134467,20.247295208655334,0.0,0.0
647,6,0.8497913769123783,79.78395061728395,20.21604938271605,0.0,0.0
648,3,0.849698934691987,79.81510015408321,20.184899845916796,0.0,0.0
649,11,0.8498845265588915,79.6923076923077,20.307692307692307,0.0,0.0
650,8,0.8499654298225398,79.72350230414746,20.276497695852534,0.0,0.0
651,7,0.8500115021854152,79.75460122699386,20.245398773006134,0.0,0.0
652,0,0.8498160073597056,79.78560490045942,20.21439509954058,0.0,0.0
653,14,0.850103140041256,79.66360856269114,20.33639143730887,0.0,0.0
654,1,0.849942726231386,79.69465648854963,20.30534351145038,0.0,0.0
655,3,0.8498512245365072,79.72560975609755,20.27439024390244,0.0,0.0
656,1,0.849691146190803,79.75646879756468,20.24353120243531,0.0,0.0
657,20,0.8501821493624773,79.63525835866263,20.364741641337385,0.0,0.0
658,5,0.8501591632560255,79.66616084977238,20.333839150227618,0.0,0.0
659,17,0.8505434782608695,79.54545454545455,20.454545454545457,0.0,0.0
660,1,0.8503847894975102,79.57639939485628,20.423600605143722,0.0,0.0
661,20,0.8508673124577607,79.45619335347432,20.54380664652568,0.0,0.0
662,0,0.8506756756756757,79.48717948717949,20.51282051282051,0.0,0.0
663,0,0.8504841251970277,79.51807228915662,20.481927710843372,0.0,0.0
664,1,0.8503263560657214,79.54887218045113,20.451127819548873,0.0,0.0
665,29,0.8511066398390342,79.42942942942943,20.57057057057057,0.0,0.0
666,30,0.8519094138543517,79.3103448275862,20.689655172413794,0.0,0.0
667,28,0.8526362232517097,79.19161676646706,20.808383233532936,0.0,0.0
668,33,0.8535143420188307,79.07324364723468,20.92675635276532,0.0,0.0
669,0,0.8533274956217163,79.1044776119403,20.8955223880597,0.0,0.0
670,2,0.853204987967622,79.13561847988078,20.864381520119224,0.0,0.0
671,4,0.8531468531468531,79.16666666666666,20.833333333333336,0.0,0.0
672,82,0.8555484009444086,79.04903417533433,20.950965824665676,0.0,0.0
673,1,0.8553958378030465,79.08011869436203,20.919881305637983,0.0,0.0
674,5,0.8553674737518748,79.11111111111111,20.88888888888889,0.0,0.0
675,23,0.8558942656150075,78.99408284023669,21.005917159763314,0.0,0.0
676,27,0.8565374019919475,78.87740029542097,21.122599704579027,0.0,0.0
677,4,0.8564775613886537,78.90855457227138,21.091445427728615,0.0,0.0
678,33,0.8572929802438,78.79234167893962,21.207658321060382,0.0,0.0
679,0,0.8571128388316873,78.82352941176471,21.176470588235293,0.0,0.0
680,24,0.8576505016722408,78.70778267254039,21.292217327459618,0.0,0.0
681,45,0.8587991718426501,78.59237536656892,21.407624633431084,0.0,0.0
682,16,0.8590880957293171,78.47730600292826,21.522693997071745,0.0,0.0
683,5,0.8590562538635895,78.50877192982456,21.49122807017544,0.0,0.0
684,23,0.8595448021324584,78.39416058394161,21.605839416058394,0.0,0.0
685,0,0.8593685936859369,78.4256559766764,21.574344023323615,0.0,0.0
686,0,0.8591924574707932,78.4570596797671,21.542940320232898,0.0,0.0
687,13,0.859390966687104,78.34302325581395,21.656976744186046,0.0,0.0
688,13,0.8595883431832076,78.22931785195935,21.77068214804064,0.0,0.0
689,18,0.8599269183922046,78.1159420289855,21.884057971014492,0.0,0.0
690,0,0.8597523848183479,78.14761215629522,21.852387843704776,0.0,0.0
691,0,0.859577922077922,78.17919075144508,21.820809248554912,0.0,0.0
692,41,0.8605633802816901,78.06637806637806,21.933621933621932,0.0,0.0
693,17,0.8608660785886126,77.95389048991355,22.046109510086456,0.0,0.0
694,0,0.8606935257566647,77.98561151079136,22.014388489208635,0.0,0.0
695,22,0.8611332801276935,77.87356321839081,22.126436781609197,0.0,0.0
696,32,0.8618434093161547,77.76183644189383,22.23816355810617,0.0,0.0
697,9,0.8619188921859545,77.79369627507164,22.206303724928368,0.0,0.0
698,27,0.862482785756443,77.6824034334764,22.317596566523605,0.0,0.0
699,15,0.862718180035301,77.57142857142857,22.428571428571427,0.0,0.0
700,39,0.8635921385483557,77.46077032810271,22.53922967189729,0.0,0.0
701,38,0.8644264194669756,77.35042735042735,22.64957264957265,0.0,0.0
702,6,0.8644165863066539,77.38264580369844,22.617354196301566,0.0,0.0
703,1,0.8642760748023905,77.41477272727273,22.585227272727273,0.0,0.0
704,25,0.8647611739881067,77.30496453900709,22.69503546099291,0.0,0.0
705,43,0.865702872360662,77.19546742209631,22.804532577903682,0.0,0.0
706,14,0.8658952959028832,77.08628005657708,22.913719943422915,0.0,0.0
707,39,0.8667168674698795,76.9774011299435,23.022598870056495,0.0,0.0
708,44,0.8676498039947732,76.8688293370945,23.1311706629055,0.0,0.0
709,16,0.8678823967249721,76.76056338028168,23.239436619718308,0.0,0.0
710,17,0.8681379821958457,76.65260196905767,23.347398030942333,0.0,0.0
711,50,0.869189785045012,76.54494382022472,23.45505617977528,0.0,0.0
712,15,0.8693899981681626,76.43758765778401,23.56241234221599,0.0,0.0
713,16,0.8696128560993426,76.33053221288515,23.669467787114844,0.0,0.0
714,23,0.87,76.22377622377621,23.776223776223777,0.0,0.0
715,0,0.8698418469369206,76.25698324022346,23.743016759776538,0.0,0.0
716,16,0.8700616165277274,76.15062761506276,23.84937238493724,0.0,0.0
717,16,0.8702800361336946,76.04456824512535,23.955431754874652,0.0,0.0
718,10,0.8703570140641904,75.93880389429764,24.061196105702365,0.0,0.0
719,18,0.8706199460916442,75.83333333333333,24.166666666666668,0.0,0.0
720,22,0.8709735146743021,75.72815533980582,24.271844660194176,0.0,0.0
721,68,0.8723705144069295,75.62326869806094,24.37673130193906,0.0,0.0
722,16,0.8725766654917166,75.51867219917013,24.481327800829874,0.0,0.0
723,7,0.872580077437522,75.5524861878453,24.447513812154696,0.0,0.0
724,5,0.8725386779184248,75.58620689655172,24.413793103448274,0.0,0.0
725,18,0.8727878044506746,75.48209366391184,24.517906336088156,0.0,0.0
726,31,0.8733228785502701,75.37826685006877,24.621733149931224,0.0,0.0
727,16,0.8735232800555942,75.27472527472527,24.725274725274726,0.0,0.0
728,70,0.8748927406898919,75.17146776406035,24.828532235939644,0.0,0.0
729,8,0.8749143248800548,75.20547945205479,24.794520547945208,0.0,0.0
730,12,0.8750213711745598,75.10259917920656,24.897400820793433,0.0,0.0
731,0,0.8748717948717949,75.13661202185791,24.863387978142075,0.0,0.0
732,8,0.8748933265062298,75.17053206002728,24.829467939972716,0.0,0.0
733,47,0.8757406466903673,75.06811989100818,24.931880108991823,0.0,0.0
734,17,0.8759493670886076,74.96598639455783,25.03401360544218,0.0,0.0
735,22,0.8762609280430397,74.86413043478261,25.13586956521739,0.0,0.0
736,9,0.8763007720711649,74.89823609226595,25.10176390773406,0.0,0.0
737,5,0.8762575452716298,74.93224932249322,25.067750677506773,0.0,0.0
738,0,0.8761106454316848,74.96617050067658,25.033829499323414,0.0,0.0
739,37,0.876728302515409,74.86486486486487,25.135135135135133,0.0,0.0
740,4,0.876664447403462,74.89878542510121,25.101214574898783,0.0,0.0
741,54,0.8776183407554016,74.7978436657682,25.202156334231805,0.0,0.0
742,0,0.8774736147757256,74.83176312247645,25.168236877523555,0.0,0.0
743,20,0.8777321281840592,74.73118279569893,25.268817204301076,0.0,0.0
744,6,0.8777084701247537,74.76510067114094,25.23489932885906,0.0,0.0
745,29,0.8781443972557987,74.66487935656836,25.335120643431637,0.0,0.0
746,82,0.8796132151490733,74.56492637215528,25.435073627844712,0.0,0.0
747,15,0.8797620961260247,74.46524064171123,25.534759358288774,0.0,0.0
748,1,0.8796400449943758,74.49933244325769,25.500667556742325,0.0,0.0
749,47,0.8804018497847234,74.4,25.6,0.0,0.0
750,9,0.8804330520617736,74.43408788282291,25.5659121171771,0.0,0.0
751,9,0.8804641551422667,74.46808510638297,25.53191489361702,0.0,0.0
752,11,0.880533079485959,74.36918990703852,25.630810092961486,0.0,0.0
753,25,0.8808658555854005,74.27055702917772,25.72944297082228,0.0,0.0
754,0,0.8807266982622433,74.3046357615894,25.695364238410594,0.0,0.0
755,17,0.8809073724007561,74.20634920634922,25.793650793650798,0.0,0.0
756,46,0.8816262705238468,74.10832232496698,25.891677675033026,0.0,0.0
757,15,0.8817657151770395,74.01055408970977,25.989445910290236,0.0,0.0
758,55,0.8826349157259935,73.91304347826086,26.08695652173913,0.0,0.0
759,24,0.8829328404189772,73.81578947368422,26.184210526315788,0.0,0.0
760,19,0.8831388206388207,73.71879106438897,26.28120893561104,0.0,0.0
761,66,0.8841769265845874,73.62204724409449,26.37795275590551,0.0,0.0
762,7,0.8841657810839533,73.65661861074705,26.34338138925295,0.0,0.0
763,12,0.8842424242424243,73.56020942408377,26.439790575916227,0.0,0.0
764,0,0.8841084684138767,73.59477124183007,26.405228758169937,0.0,0.0
765,72,0.8852262511237639,73.49869451697127,26.50130548302872,0.0,0.0
766,26,0.8855394717206387,73.40286831812256,26.597131681877446,0.0,0.0
767,2,0.8854415274463007,73.4375,26.5625,0.0,0.0
768,107,0.887110980622431,73.34200260078023,26.527958387516254,0.13003901170351106,0.0
769,6,0.8870802170406218,73.37662337662337,26.49350649350649,0.12987012987012986,0.0
770,8,0.8870826010544816,73.41115434500648,26.459143968871597,0.12970168612191957,0.0
771,13,0.8871674948845367,73.31606217616581,26.55440414507772,0.1295336787564767,0.0
772,0,0.8870378488966827,73.35058214747735,26.52005174644243,0.129366106080207,0.0
773,8,0.8870402802101576,73.38501291989664,26.48578811369509,0.12919896640826875,0.0
774,45,0.887648593795303,73.29032258064517,26.580645161290324,0.12903225806451613,0.0
775,2,0.8875525286190408,73.32474226804123,26.54639175257732,0.12886597938144329,0.0
776,0,0.8874239350912779,73.35907335907336,26.512226512226512,0.1287001287001287,0.0
777,36,0.8878800979968295,73.26478149100257,26.606683804627252,0.12853470437017994,0.0
778,38,0.8883634279163084,73.17073170731707,26.700898587933246,0.12836970474967907,0.0
779,7,0.8883481248210707,73.2051282051282,26.666666666666668,0.1282051282051282,0.0
780,17,0.8884922901199315,73.11139564660691,26.76056338028169,0.12804097311139565,0.0
781,59,0.8892978482446207,73.01790281329923,26.854219948849106,0.1278772378516624,0.0
782,89,0.8905507408442829,72.92464878671775,26.947637292464876,0.1277139208173691,0.0
783,15,0.8906555090655509,72.83163265306123,27.040816326530614,0.12755102040816327,0.0
784,63,0.8914846557920929,72.73885350318471,27.133757961783438,0.12738853503184713,0.0
785,46,0.892047795632468,72.64631043256998,27.2264631043257,0.1272264631043257,0.0
786,22,0.892250821467689,72.55400254129606,27.318932655654383,0.12706480304955528,0.0
787,41,0.8927307378164988,72.46192893401016,27.411167512690355,0.12690355329949238,0.0
788,11,0.8927697743952161,72.3700887198986,27.50316856780735,0.12674271229404308,0.0
789,9,0.8927795874049945,72.40506329113924,27.468354430379748,0.12658227848101267,0.0
790,0,0.8926584339801873,72.43994943109988,27.43362831858407,0.12642225031605564,0.0
791,0,0.8925373134328358,72.47474747474747,27.3989898989899,0.12626262626262627,0.0
792,2,0.8924454089244541,72.50945775535939,27.364438839848678,0.12610340479192939,0.0
793,8,0.8924410728799783,72.544080604534,27.329974811083126,0.12594458438287154,0.0
794,26,0.8926980699149683,72.45283018867924,27.42138364779874,0.12578616352201258,0.0
795,99,0.8939938740178452,72.36180904522614,27.51256281407035,0.12562814070351758,0.0
796,72,0.8948826167238195,72.27101631116687,27.603513174404014,0.12547051442910914,0.0
797,53,0.8954950235725511,72.18045112781954,27.694235588972433,0.12531328320802004,0.0
798,17,0.8956101384896786,72.090112640801,27.784730913642054,0.1251564455569462,0.0
799,42,0.8960634013251917,72.0,27.875,0.125,0.0
800,72,0.8969111969111969,71.91011235955057,27.965043695380775,0.12484394506866417,0.0
801,23,0.897100333589941,71.82044887780549,28.05486284289277,0.12468827930174563,0.0
802,37,0.8974719101123596,71.73100871731009,28.144458281444585,0.12453300124533001,0.0
803,91,0.8985360928823827,71.64179104477611,28.233830845771145,0.12437810945273632,0.0
804,0,0.898422712933754,71.67701863354037,28.19875776397516,0.12422360248447205,0.0
805,46,0.8988961364776719,71.58808933002481,28.287841191067,0.12406947890818859,0.0
806,0,0.8987833939545967,71.62329615861215,28.25278810408922,0.12391573729863693,0.0
807,2,0.8986960882647944,71.65841584158416,28.217821782178216,0.12376237623762376,0.0
808,25,0.8989002749312672,71.56983930778739,28.30655129789864,0.12360939431396785,0.0
809,2,0.8988132417239225,71.60493827160494,28.271604938271604,0.12345679012345678,0.0
810,36,0.8991544391942303,71.5166461159063,28.36004932182491,0.12330456226880394,0.0
811,29,0.8994053518334986,71.42857142857143,28.448275862068968,0.12315270935960591,0.0
812,8,0.8993936394010642,71.46371463714637,28.413284132841326,0.12300123001230012,0.0
813,16,0.8994813534205977,71.37592137592138,28.501228501228503,0.12285012285012285,0.0
814,52,0.900012268433321,71.28834355828221,28.588957055214724,0.1226993865030675,0.0
815,9,0.9000122534003185,71.32352941176471,28.553921568627448,0.12254901960784313,0.0
816,47,0.9004750883177001,71.23623011015911,28.64137086903305,0.12239902080783352,0.0
817,13,0.9005229235072358,71.14914425427872,28.728606356968218,0.12224938875305623,0.0
818,6,0.9004860267314703,71.18437118437119,28.69352869352869,0.1221001221001221,0.0
819,12,0.9005216547373529,71.09756097560975,28.780487804878046,0.12195121951219512,0.0
820,159,0.9022967987623468,71.01096224116931,28.745432399512787,0.24360535931790497,0.0
821,0,0.9021894336030462,71.04622871046229,28.710462287104622,0.24330900243309003,0.0
822,0,0.9020820939916716,71.08140947752126,28.67557715674362,0.24301336573511542,0.0
823,33,0.9023580993008651,70.99514563106796,28.762135922330096,0.24271844660194172,0.0
824,71,0.9030666196686641,70.9090909090909,28.84848484848485,0.24242424242424243,0.0
825,33,0.903335283791691,70.8232445520581,28.934624697336563,0.24213075060532688,0.0
826,19,0.9034442498540572,70.73760580411125,29.020556227327692,0.24183796856106407,0.0
827,114,0.9046082949308756,70.65217391304348,28.985507246376812,0.36231884057971014,0.0
828,89,0.9054732041049031,70.56694813027744,29.071170084439085,0.3618817852834741,0.0
829,36,0.9057567843760644,70.48192771084338,29.156626506024097,0.3614457831325301,0.0
830,23,0.9058996716113691,70.3971119133574,29.24187725631769,0.36101083032490977,0.0
831,8,0.9058823529411765,70.4326923076923,29.20673076923077,0.3605769230769231,0.0
832,8,0.9058650694993785,70.46818727490997,29.17166866746699,0.36014405762304924,0.0
833,42,0.9062078272604588,70.38369304556355,29.256594724220626,0.3597122302158274,0.0
834,35,0.9064740143369175,70.2994011976048,29.34131736526946,0.3592814371257485,0.0
835,10,0.9064772345899988,70.21531100478468,29.42583732057416,0.3588516746411483,0.0
836,30,0.9066889632107024,70.13142174432497,29.51015531660693,0.35842293906810035,0.0
837,226,0.9088833315211482,70.04773269689738,29.47494033412888,0.47732696897374705,0.0
838,3,0.9088142593196392,70.08343265792611,29.43980929678188,0.47675804529201427,0.0
839,8,0.9087947882736156,70.11904761904762,29.404761904761905,0.4761904761904762,0.0
840,18,0.9088742008885037,70.03567181926277,29.48870392390012,0.47562425683709864,0.0
841,41,0.9091791608240751,69.95249406175772,29.572446555819475,0.4750593824228029,0.0
842,43,0.909500805152979,69.86951364175563,29.655990510083036,0.4744958481613286,0.0
843,2,0.9094226228804464,69.90521327014217,29.620853080568722,0.47393364928909953,0.0
844,83,0.9101255052116571,69.8224852071006,29.704142011834318,0.4733727810650888,0.0
845,8,0.9101051960471789,69.8581560283688,29.66903073286052,0.4728132387706856,0.0
846,0,0.9100084997875053,69.89374262101535,29.634002361275087,0.47225501770956313,0.0
847,82,0.9106898367561874,69.81132075471697,29.71698113207547,0.4716981132075472,0.0
848,7,0.9106597916447438,69.84687868080094,29.681978798586574,0.47114252061248524,0.0
849,5,0.9106110001051635,69.88235294117648,29.64705882352941,0.4705882352941176,0.0
850,15,0.9106561679790026,69.80023501762632,29.72972972972973,0.4700352526439483,0.0
851,27,0.9108133570606093,69.71830985915493,29.812206572769952,0.4694835680751174,0.0
852,46,0.9111458333333333,69.63657678780774,29.89449003516999,0.4689331770222743,0.0
853,0,0.911050932194563,69.67213114754098,29.859484777517565,0.468384074941452,0.0
854,246,0.9131803411860276,69.5906432748538,29.82456140350877,0.5847953216374269,0.0
855,18,0.9132461741157394,69.50934579439252,29.906542056074763,0.5841121495327103,0.0
856,65,0.913721936977751,69.42823803967327,29.98833138856476,0.5834305717619603,0.0
857,18,0.9137861736334405,69.34731934731934,30.069930069930066,0.5827505827505828,0.0
858,24,0.9139019745414453,69.26658905704308,30.151338766006987,0.5820721769499418,0.0
859,19,0.9139741922576773,69.18604651162791,30.23255813953488,0.5813953488372093,0.0
860,24,0.9140890041907803,69.10569105691057,30.313588850174217,0.5807200929152149,0.0
861,19,0.914160525791675,69.02552204176334,30.39443155452436,0.580046403712297,0.0
862,6,0.914120808040601,69.0614136732329,30.359212050984937,0.5793742757821553,0.0
863,21,0.9142091152815014,68.98148148148148,30.439814814814813,0.5787037037037037,0.0
864,58,0.9146100691016782,68.90173410404624,30.520231213872833,0.5780346820809248,0.0
865,52,0.9149562997152116,68.82217090069284,30.600461893764436,0.5773672055427251,0.0
866,51,0.9152906692721056,68.74279123414071,30.680507497116494,0.5767012687427913,0.0
867,12,0.9153005464480874,68.66359447004609,30.760368663594466,0.5760368663594471,0.0
868,35,0.9154998055231427,68.58457997698504,30.84004602991945,0.5753739930955121,0.0
869,0,0.91541079241614,68.62068965517241,30.804597701149426,0.5747126436781609,0.0
870,36,0.9156171284634761,68.5419058553387,30.884041331802525,0.5740528128587831,0.0
871,28,0.9157569316974206,68.46330275229357,30.963302752293576,0.573394495412844,0.0
872,3,0.91569290197972,68.49942726231386,30.927835051546392,0.572737686139748,0.0
873,35,0.9158887498797036,68.42105263157895,31.006864988558352,0.5720823798627002,0.0
874,121,0.9167697136878151,68.34285714285714,30.97142857142857,0.6857142857142857,0.0
875,7,0.9167379526660964,68.37899543378995,30.93607305936073,0.684931506849315,0.0
876,41,0.9169743444097321,68.30102622576966,31.014823261117446,0.6841505131128849,0.0
877,25,0.9170837661724431,68.22323462414579,31.09339407744875,0.683371298405467,0.0
878,0,0.9169971671388102,68.25938566552901,31.058020477815703,0.6825938566552902,0.0
879,110,0.9177646948883282,68.18181818181817,31.022727272727273,0.7954545454545454,0.0
880,3,0.9177020084072863,68.21793416572078,30.98751418842225,0.7945516458569807,0.0
881,134,0.9186346863468635,68.14058956916101,30.952380952380953,0.9070294784580499,0.0
882,0,0.9185499492666728,68.1766704416761,30.91732729331823,0.9060022650056626,0.0
883,1,0.9184727473946325,68.21266968325791,30.88235294117647,0.904977375565611,0.0
884,52,0.9187775330396476,68.13559322033899,30.96045197740113,0.903954802259887,0.0
885,50,0.919064583904266,68.058690744921,31.038374717832955,0.9029345372460496,0.0
886,7,0.9190324052943861,68.0947012401353,31.003382187147686,0.9019165727170236,0.0
887,19,0.9190888382687927,68.01801801801803,31.08108108108108,0.9009009009009009,0.0
888,37,0.9192772178334695,67.94150731158605,31.158605174353205,0.8998875140607425,0.0
889,31,0.9194205522861023,67.86516853932584,31.235955056179776,0.8988764044943821,0.0
890,0,0.9193373166757197,67.90123456790124,31.200897867564535,0.8978675645342313,0.0
891,23,0.9194218608852756,67.82511210762333,31.2780269058296,0.8968609865470852,0.0
892,58,0.9197591877077904,67.7491601343785,31.35498320268757,0.8958566629339306,0.0
893,27,0.9198709330465179,67.67337807606265,31.43176733780761,0.8948545861297539,0.0
894,27,0.9199821189092534,67.59776536312849,31.508379888268156,0.8938547486033519,0.0
895,3,0.9199213513271963,67.63392857142857,31.473214285714285,0.8928571428571428,0.0
896,55,0.9202312138728324,67.55852842809364,31.549609810479375,0.8918617614269788,0.0
897,38,0.9204182913860334,67.48329621380846,31.625835189309576,0.8908685968819599,0.0
898,49,0.9206811364037409,67.40823136818688,31.70189098998888,0.8898776418242491,0.0
899,32,0.9208234362628662,67.33333333333333,31.77777777777778,0.8888888888888888,0.0
900,2,0.9207563764291996,67.36958934517203,31.74250832408435,0.8879023307436182,0.0
901,38,0.9209396090805504,67.29490022172949,31.818181818181817,0.8869179600886918,0.0
902,63,0.9212934716290421,67.22037652270211,31.893687707641195,0.8859357696566998,0.0
903,72,0.9217044864022172,67.14601769911505,31.96902654867257,0.8849557522123894,0.0
904,16,0.9217331142437084,67.07182320441989,32.04419889502763,0.8839779005524863,0.0
905,123,0.922477966971849,66.99779249448123,32.00883002207506,0.9933774834437087,0.0
906,23,0.9225514473571855,66.92392502756339,32.08379272326351,0.9922822491730982,0.0
907,133,0.9233431827775432,66.85022026431719,32.048458149779734,1.1013215859030838,0.0
908,11,0.9233364257400691,66.77667766776678,32.123212321232124,1.1001100110011002,0.0
909,23,0.923407120612743,66.7032967032967,32.1978021978022,1.098901098901099,0.0
910,0,0.9233294058239354,66.73984632272229,32.16245883644347,1.0976948408342482,0.0
911,186,0.9244345016157096,66.66666666666666,32.127192982456144,1.2061403508771928,0.0
912,8,0.924408014571949,66.70317634173057,32.09200438116101,1.2048192771084338,0.0
913,23,0.9244752933399438,66.63019693654267,32.16630196936542,1.2035010940919038,0.0
914,4,0.9244238870075163,66.66666666666666,32.131147540983605,1.2021857923497268,0.0
915,1,0.9243537864398381,66.70305676855895,32.096069868995635,1.2008733624454149,0.0
916,98,0.9248853211009175,66.63031624863686,32.1701199563795,1.1995637949836424,0.0
917,103,0.9254385964912281,66.55773420479304,32.13507625272331,1.3071895424836601,0.0
918,20,0.9254844725533122,66.48531011969531,32.20892274211099,1.3057671381936888,0.0
919,22,0.925542246681774,66.41304347826087,32.28260869565218,1.3043478260869565,0.0
920,29,0.9256418537057969,66.34093376764386,32.356134636264926,1.3029315960912053,0.0
921,0,0.9255671268265117,66.37744034707158,32.32104121475054,1.3015184381778742,0.0
922,28,0.9256604381443299,66.30552546045504,32.3943661971831,1.3001083423618636,0.0
923,31,0.925771208226221,66.23376623376623,32.467532467532465,1.2987012987012987,0.0
924,34,0.9258992229432027,66.16216216216216,32.54054054054054,1.2972972972972971,0.0
925,18,0.9259318509038554,66.09071274298056,32.6133909287257,1.2958963282937366,0.0
926,87,0.9263701350277999,66.01941747572816,32.68608414239482,1.2944983818770228,0.0
927,8,0.9263433605841733,66.05603448275862,32.650862068965516,1.293103448275862,0.0
928,10,0.9263283108643934,65.9849300322928,32.723358449946176,1.2917115177610334,0.0
929,5,0.926284083703234,66.02150537634408,32.68817204301075,1.2903225806451613,0.0
930,37,0.9264264264264265,65.95059076262085,32.76047261009667,1.288936627282492,0.0
931,25,0.9264984227129337,65.87982832618026,32.83261802575107,1.2875536480686696,0.0
932,0,0.926425360775964,65.91639871382637,32.79742765273312,1.2861736334405145,0.0
933,13,0.9264277274517526,65.8458244111349,32.86937901498929,1.284796573875803,0.0
934,39,0.9265802905378877,65.77540106951871,32.94117647058823,1.2834224598930482,0.0
935,13,0.9265824770570241,65.7051282051282,33.01282051282051,1.282051282051282,0.0
936,45,0.9267682688550215,65.63500533617929,33.084311632870865,1.2806830309498398,0.0
937,51,0.9269868451778626,65.56503198294243,33.15565031982942,1.279317697228145,0.0
938,43,0.9271584826623226,65.49520766773162,33.22683706070288,1.2779552715654952,0.0
939,63,0.9274411424160556,65.42553191489363,33.297872340425535,1.276595744680851,0.0
940,7,0.9274087788320605,65.46227417640807,33.262486716259296,1.2752391073326248,0.0
941,1,0.9273428461241805,65.49893842887474,33.22717622080679,1.2738853503184715,0.0
942,22,0.9273945180166308,65.42948038176034,33.29798515376458,1.2725344644750796,0.0
943,48,0.92759070338268,65.36016949152543,33.36864406779661,1.2711864406779663,0.0
944,77,0.9279451010293557,65.29100529100529,33.43915343915344,1.2698412698412698,0.0
945,63,0.928219136505046,65.22198731501057,33.50951374207188,1.2684989429175475,0.0
946,153,0.9289732243306082,65.1531151003168,33.47412882787751,1.3727560718057021,0.0
947,113,0.9295010039413996,65.084388185654,33.438818565400844,1.4767932489451476,0.0
948,7,0.9294685990338164,65.12118018967334,33.40358271865121,1.4752370916754478,0.0
949,44,0.9296296296296296,65.05263157894737,33.473684210526315,1.4736842105263157,0.0
950,4,0.9295816364309515,65.0893796004206,33.4384858044164,1.4721345951629863,0.0
951,25,0.9296430419037766,65.02100840336135,33.508403361344534,1.4705882352941175,0.0
952,0,0.929574342299734,65.05771248688352,33.47324239244492,1.4690451206715633,0.0
953,4,0.9295264829725937,65.09433962264151,33.43815513626834,1.4675052410901468,0.0
954,27,0.9295982307408772,65.0261780104712,33.50785340314136,1.4659685863874345,0.0
955,7,0.9295660502468135,65.06276150627615,33.47280334728033,1.4644351464435146,0.0
956,12,0.9295598410128073,64.99477533960292,33.5423197492163,1.4629049111807733,0.0
957,49,0.9297447931944852,64.92693110647181,33.61169102296451,1.4613778705636742,0.0
958,15,0.9297538822150601,64.859228362878,33.68091762252346,1.4598540145985401,0.0
959,9,0.9297321036451471,64.89583333333333,33.645833333333336,1.4583333333333333,0.0
960,33,0.9298335280373832,64.82830385015609,33.714880332986475,1.45681581685744,0.0
961,44,0.9299905392620624,64.76091476091476,33.78378378378378,1.4553014553014554,0.0
962,5,0.9299483523677894,64.797507788162,33.74870197300104,1.453790238836968,0.0
963,24,0.930002904443799,64.73029045643153,33.81742738589212,1.4522821576763485,0.0
964,4,0.9299557233069609,64.76683937823834,33.78238341968912,1.450777202072539,0.0
965,21,0.9299949271686354,64.69979296066253,33.85093167701863,1.4492753623188406,0.0
966,125,0.930556552962298,64.63288521199586,33.81592554291623,1.5511892450879008,0.0
967,23,0.9306043443974479,64.56611570247934,33.88429752066116,1.5495867768595042,0.0
968,6,0.930567497850387,64.60268317853458,33.84932920536636,1.5479876160990713,0.0
969,72,0.9308575094447217,64.5360824742268,33.91752577319588,1.5463917525773196,0.0
970,59,0.9310809851657321,64.46961894953655,33.985581874356335,1.544799176107106,0.0
971,70,0.9313559322033899,64.40329218106996,34.05349794238683,1.5432098765432098,0.0
972,23,0.9314015792442188,64.33710174717369,34.1212744090442,1.5416238437821173,0.0
973,37,0.9315145549149205,64.27104722792608,34.18891170431211,1.5400410677618068,0.0
974,17,0.9315308988764045,64.2051282051282,34.256410256410255,1.5384615384615385,0.0
975,137,0.9321185143969954,64.13934426229508,34.22131147540984,1.639344262295082,0.0
976,54,0.9323079054943533,64.07369498464688,34.28863868986694,1.6376663254861823,0.0
977,124,0.9328204423684572,64.0081799591002,34.25357873210634,1.738241308793456,0.0
978,11,0.9328071379547015,63.942798774259444,34.32073544433095,1.7364657814096014,0.0
979,3,0.9327569644572526,63.9795918367347,34.285714285714285,1.7346938775510203,0.0
980,170,0.933468972533062,63.91437308868502,34.25076452599388,1.834862385321101,0.0
981,19,0.9334913647138503,63.84928716904277,34.317718940936864,1.8329938900203666,0.0
982,6,0.9334551854860547,63.88606307222787,34.28280773143438,1.8311291963377416,0.0
983,15,0.9334595618068704,63.82113821138211,34.34959349593496,1.8292682926829267,0.0
984,160,0.9341093049702321,63.756345177664976,34.31472081218274,1.9289340101522845,0.0
985,43,0.9342359767891683,63.691683569979716,34.38133874239351,1.9269776876267748,0.0
986,139,0.9347782990814776,63.627152988855116,34.34650455927052,2.026342451874367,0.0
987,53,0.9349443603081583,63.56275303643725,34.41295546558704,2.0242914979757085,0.0
988,33,0.9350239800275935,63.49848331648129,34.47927199191102,2.0222446916076846,0.0
989,0,0.9349625541978716,63.535353535353536,34.44444444444444,2.0202020202020203,0.0
990,2,0.9349096880131363,63.57214934409687,34.409687184661955,2.0181634712411705,0.0
991,14,0.9349081364829396,63.50806451612904,34.475806451612904,2.0161290322580645,0.0
992,72,0.935153137856723,63.44410876132931,34.541792547834845,2.014098690835851,0.0
993,29,0.9352147559147495,63.38028169014085,34.60764587525151,2.0120724346076457,0.0
994,3,0.9351664820486089,63.417085427135675,34.57286432160804,2.0100502512562812,0.0
995,10,0.9351478057038677,63.35341365461847,34.63855421686747,2.0080321285140563,0.0
996,83,0.935435824375081,63.28986960882648,34.70411233701103,2.0060180541624875,0.0
997,0,0.9353752509227482,63.326653306613224,34.66933867735471,2.004008016032064,0.0
998,31,0.9354442649434572,63.263263263263255,34.73473473473474,2.002002002002002,0.0
